{"train/loss": 4.264558750391006, "train/accuracy": 1.3988095238095233, "_timestamp": 1716926530.137151, "_runtime": 136.56334805488586, "_step": 8, "val/loss": 4.257986563444137, "val/accuracy": 1.779761904761904, "_wandb": {"runtime": 149}}