{"train/loss": 0.20613972974600495, "train/accuracy": 94.12694552529183, "val/loss": 1.8462322388908692, "val/accuracy": 62.332589285714285, "_timestamp": 1717001704.3685915, "_runtime": 813.0252356529236, "_step": 17, "training_time": "8.12e+02 seconds"}