{"train/loss": 4.255577784776688, "train/accuracy": 1.5773809523809517, "val/loss": 4.252706897258759, "val/accuracy": 1.5178571428571423, "_timestamp": 1716896608.071203, "_runtime": 310.82590198516846, "_step": 6, "_wandb": {"runtime": 317}}